<?xml version="1.0" encoding="UTF-8"?>
<con:soapui-project id="ad70d815-6b81-41c6-8582-fdb05c374412" activeEnvironment="Default" name="Students" soapui-version="5.7.0" xmlns:con="http://eviware.com/soapui/config"><con:settings/><con:interface xsi:type="con:RestService" id="5c638b39-2b12-4393-a158-2b1b66d64614" wadlVersion="http://wadl.dev.java.net/2009/02" name="http://151.80.70.42:3000" type="rest" xmlns:xsi="http://www.w3.org/2001/XMLSchema-instance"><con:settings/><con:definitionCache type="TEXT" rootPart=""/><con:endpoints><con:endpoint>http://151.80.70.42:3000</con:endpoint></con:endpoints><con:resource name="Users" path="/api/users" id="153df6c8-d4e0-4330-ae8e-15e4bde80461"><con:settings/><con:parameters/><con:method name="Entrance" id="c9e9fa79-ec60-47ff-a257-a4d0543d2a42" method="GET"><con:settings/><con:parameters/><con:representation type="RESPONSE"><con:mediaType>application/json; charset=utf-8</con:mediaType><con:status>200</con:status><con:params/><con:element>Response</con:element></con:representation><con:request name="Request 1" id="84f36773-beab-4fc8-912e-8064463c414d" mediaType="application/json"><con:settings/><con:endpoint>http://151.80.70.42:3000</con:endpoint><con:request/><con:credentials><con:authType>No Authorization</con:authType></con:credentials><con:jmsConfig JMSDeliveryMode="PERSISTENT"/><con:jmsPropertyConfig/><con:parameters/></con:request></con:method><con:method name="AddStudent" id="72bfb739-05ed-4da8-9eba-c52b1268f115" method="POST"><con:settings/><con:parameters/><con:representation type="REQUEST"><con:mediaType>application/json</con:mediaType><con:params/></con:representation><con:representation type="RESPONSE"><con:mediaType>application/json; charset=utf-8</con:mediaType><con:status>200</con:status><con:params/><con:element xmlns:user="http://151.80.70.42/api/users">user:Response</con:element></con:representation><con:request name="Request 1" id="4ae9cc8c-78dd-4f0b-8085-eac12e6810a9" mediaType="application/json" postQueryString="false"><con:settings/><con:endpoint>http://151.80.70.42:3000</con:endpoint><con:request/><con:credentials><con:authType>No Authorization</con:authType></con:credentials><con:jmsConfig JMSDeliveryMode="PERSISTENT"/><con:jmsPropertyConfig/><con:parameters/></con:request></con:method><con:method name="DeleteStudent" id="e628dc2c-2521-4e6b-97d7-28baf0edd5f2" method="DELETE"><con:settings/><con:parameters/><con:representation type="REQUEST"><con:mediaType>application/json</con:mediaType><con:params/></con:representation><con:representation type="RESPONSE"><con:mediaType xsi:nil="true"/><con:status>204</con:status><con:params/><con:element>data</con:element></con:representation><con:representation type="RESPONSE"><con:mediaType xsi:nil="true"/><con:status>204</con:status><con:params/><con:element>data</con:element></con:representation><con:representation type="RESPONSE"><con:mediaType xsi:nil="true"/><con:status>204</con:status><con:params/><con:element>data</con:element></con:representation><con:representation type="RESPONSE"><con:mediaType xsi:nil="true"/><con:status>204</con:status><con:params/><con:element>data</con:element></con:representation><con:representation type="RESPONSE"><con:mediaType xsi:nil="true"/><con:status>204</con:status><con:params/><con:element>data</con:element></con:representation><con:representation type="RESPONSE"><con:mediaType xsi:nil="true"/><con:status>204</con:status><con:params/><con:element>data</con:element></con:representation><con:representation type="RESPONSE"><con:mediaType xsi:nil="true"/><con:status>204</con:status><con:params/><con:element>data</con:element></con:representation><con:representation type="RESPONSE"><con:mediaType xsi:nil="true"/><con:status>204</con:status><con:params/><con:element>data</con:element></con:representation><con:representation type="RESPONSE"><con:mediaType xsi:nil="true"/><con:status>204</con:status><con:params/><con:element>data</con:element></con:representation><con:representation type="RESPONSE"><con:mediaType xsi:nil="true"/><con:status>204</con:status><con:params/><con:element>data</con:element></con:representation><con:representation type="RESPONSE"><con:mediaType xsi:nil="true"/><con:status>204</con:status><con:params/><con:element>data</con:element></con:representation><con:representation type="RESPONSE"><con:mediaType xsi:nil="true"/><con:status>204</con:status><con:params/><con:element>data</con:element></con:representation><con:representation type="RESPONSE"><con:mediaType xsi:nil="true"/><con:status>204</con:status><con:params/><con:element>data</con:element></con:representation><con:representation type="RESPONSE"><con:mediaType xsi:nil="true"/><con:status>204</con:status><con:params/><con:element>data</con:element></con:representation><con:representation type="RESPONSE"><con:mediaType xsi:nil="true"/><con:status>204</con:status><con:params/><con:element>data</con:element></con:representation><con:request name="Request 1" id="c105fe8c-e8e0-41bc-939a-135357638563" mediaType="application/json" postQueryString="false"><con:settings/><con:endpoint>http://151.80.70.42:3000</con:endpoint><con:request/><con:credentials><con:authType>No Authorization</con:authType></con:credentials><con:jmsConfig JMSDeliveryMode="PERSISTENT"/><con:jmsPropertyConfig/><con:parameters/></con:request></con:method></con:resource></con:interface><con:testSuite id="2d6909ad-6fee-4d7b-ad7b-57ec03233442" name="QAStudents"><con:settings/><con:runType>SEQUENTIAL</con:runType><con:testCase id="8971cadb-6cef-48a7-bcad-6bb2463fa74c" failOnError="true" failTestCaseOnErrors="true" keepSession="false" maxResults="0" name="AddStudents" searchProperties="true"><con:settings/><con:testStep type="restrequest" name="Entrance" id="887f6263-2f19-43d8-8c1f-bce1766f5c55"><con:settings/><con:config service="http://151.80.70.42:3000" resourcePath="/api/users" methodName="Entrance" xsi:type="con:RestRequestStep" xmlns:xsi="http://www.w3.org/2001/XMLSchema-instance"><con:restRequest name="Entrance" id="84f36773-beab-4fc8-912e-8064463c414d" mediaType="application/json"><con:settings><con:setting id="com.eviware.soapui.impl.wsdl.WsdlRequest@request-headers">&lt;xml-fragment/></con:setting></con:settings><con:endpoint>http://151.80.70.42:3000</con:endpoint><con:request/><con:originalUri>http://151.80.70.42/api/users</con:originalUri><con:assertion type="Valid HTTP Status Codes" id="2c558c51-3998-4258-9cd0-c5057b1d9286" name="Valid HTTP Status Codes"><con:configuration><codes>200</codes></con:configuration></con:assertion><con:credentials><con:authType>No Authorization</con:authType></con:credentials><con:jmsConfig JMSDeliveryMode="PERSISTENT"/><con:jmsPropertyConfig/><con:parameters/></con:restRequest></con:config></con:testStep><con:testStep type="restrequest" name="AddStudent" id="06661a7f-50a6-484b-bdc0-33d0ecaa74aa"><con:settings/><con:config service="http://151.80.70.42:3000" resourcePath="/api/users" methodName="AddStudent" xsi:type="con:RestRequestStep" xmlns:xsi="http://www.w3.org/2001/XMLSchema-instance"><con:restRequest name="AddStudent" id="4ae9cc8c-78dd-4f0b-8085-eac12e6810a9" mediaType="application/json" postQueryString="false"><con:settings><con:setting id="com.eviware.soapui.impl.wsdl.WsdlRequest@request-headers">&lt;xml-fragment/></con:setting></con:settings><con:endpoint>http://151.80.70.42:3000</con:endpoint><con:request>{
    "name": "Jack",
    "phone": "Vorobey",
    "role": "Student"
}</con:request><con:originalUri>http://151.80.70.42/api/users</con:originalUri><con:assertion type="Valid HTTP Status Codes" id="b5501d2d-a092-4376-b5a4-2473b2b510bb" name="Valid HTTP Status Codes"><con:configuration><codes>200</codes></con:configuration></con:assertion><con:credentials><con:authType>No Authorization</con:authType></con:credentials><con:jmsConfig JMSDeliveryMode="PERSISTENT"/><con:jmsPropertyConfig/><con:parameters/></con:restRequest></con:config></con:testStep><con:testStep type="restrequest" name="DeleteStudent" id="7c9d79a6-18ca-4ab6-8c8b-8a7186baeeac"><con:settings/><con:config service="http://151.80.70.42:3000" resourcePath="/api/users" methodName="DeleteStudent" xsi:type="con:RestRequestStep" xmlns:xsi="http://www.w3.org/2001/XMLSchema-instance"><con:restRequest name="DeleteStudent" id="c105fe8c-e8e0-41bc-939a-135357638563" mediaType="application/json" postQueryString="false"><con:settings><con:setting id="com.eviware.soapui.impl.wsdl.WsdlRequest@request-headers">&lt;xml-fragment/></con:setting></con:settings><con:endpoint>http://151.80.70.42:3000</con:endpoint><con:request>{
    "name": "Jack",
    "phone": "Vorobey",
    "role": "Student"
}</con:request><con:originalUri>http://151.80.70.42/api/users</con:originalUri><con:assertion type="Invalid HTTP Status Codes" id="37c79d1a-c735-4219-9ce4-fc70c0255034" name="Invalid HTTP Status Codes"><con:configuration><codes>204</codes></con:configuration></con:assertion><con:credentials><con:authType>No Authorization</con:authType></con:credentials><con:jmsConfig JMSDeliveryMode="PERSISTENT"/><con:jmsPropertyConfig/><con:parameters/></con:restRequest></con:config></con:testStep><con:properties/></con:testCase><con:properties/></con:testSuite><con:properties/><con:wssContainer/><con:oAuth2ProfileContainer/><con:oAuth1ProfileContainer/><con:sensitiveInformation/></con:soapui-project>